Type,Name,Request Count,Failure Count,Median Response Time,Average Response Time,Min Response Time,Max Response Time,Average Content Size,Requests/s,Failures/s,50%,66%,75%,80%,90%,95%,98%,99%,99.9%,99.99%,100%
POST,/v2/nvcf/pexec/functions/d4b187f8-3812-4eff-8f1f-5e1afabde9ea,10,0,25000.0,27459.689633498783,6361.734167003306,48560.3265419777,1845.9,0.17366251104125136,0.0,30000,34000,39000,44000,49000,49000,49000,49000,49000,49000,49000
,Aggregated,10,0,25000.0,27459.689633498783,6361.734167003306,48560.3265419777,1845.9,0.17366251104125136,0.0,30000,34000,39000,44000,49000,49000,49000,49000,49000,49000,49000
