Type,Name,Request Count,Failure Count,Median Response Time,Average Response Time,Min Response Time,Max Response Time,Average Content Size,Requests/s,Failures/s,50%,66%,75%,80%,90%,95%,98%,99%,99.9%,99.99%,100%
POST,/v1/completions,4483,11,171000.0,171351.83310551377,7.381858998996904,339941.989302999,760.0994869507026,8.973361328444302,0.022018062594888983,171000,225000,252000,268000,305000,322000,330000,336000,340000,340000,340000
,Aggregated,4483,11,171000.0,171351.83310551377,7.381858998996904,339941.989302999,760.0994869507026,8.973361328444302,0.022018062594888983,171000,225000,252000,268000,305000,322000,330000,336000,340000,340000,340000
