prompt_tokens,completion_tokens,total_requests,total_time,concurrent_requests,n_requests_per_thread,max_tokens_per_request,start_ts,end_ts,device
14104,200,2,3.1367170810699463,2,1,100,1717873934.8405209,1717873937.977238,nvidia_a100-pcie-40gb
306374,9895,100,179.66574883460999,1,100,100,1717873948.556999,1717874128.2227478,nvidia_a100-pcie-40gb
